Contract,churn_rate
Month-to-month,42.70967741935484
One year,11.269517990495586
Two year,2.831858407079646
